{"products":[{"id":"0.5132583076299486","qty":1}],"totalPrice":12.900000000000006}